﻿<?xml version="1.0" encoding="utf-8"?>
<Solution xmlns="http://schemas.microsoft.com/sharepoint/" SolutionId="e24d6117-b04f-4675-8f8c-cab82346da62" SharePointProductVersion="16.0">
  <Assemblies>
    <Assembly Location="AWP.MySitesBranding.dll" DeploymentTarget="GlobalAssemblyCache" />
  </Assemblies>
  <TemplateFiles>
    <TemplateFile Location="Layouts\AWP.MySitesBranding\mysite2007.css" />
    <TemplateFile Location="ControlTemplates\AWP.MySitesBranding\CustomSuiteBarDelegate.ascx" />
    <TemplateFile Location="Images\AWP.MySitesBranding\ourspace-icon.png" />
  </TemplateFiles>
  <FeatureManifests>
    <FeatureManifest Location="AWP.MySitesBranding_Site_ApplyCustomMasterPage\Feature.xml" />
    <FeatureManifest Location="AWP.MySitesBranding_Farm_MySiteStapler\Feature.xml" />
  </FeatureManifests>
</Solution>
