﻿<?xml version="1.0" encoding="utf-8"?>
<Elements xmlns="http://schemas.microsoft.com/sharepoint/">
  <Receivers >
      <Receiver>
        <Name>ER_MySite_ElementsWebProvisionedWebProvisioned</Name>
        <Type>WebProvisioned</Type>
        <Assembly>$SharePoint.Project.AssemblyFullName$</Assembly>
        <Class>AWP.MySitesBranding.ER_MySite_ElementsWebProvisioned.ER_MySite_ElementsWebProvisioned</Class>
        <SequenceNumber>10000</SequenceNumber>
      </Receiver>
  </Receivers>
</Elements>
